project,version,from,to,commits,accumulated_commits,committers,committers_weigth,changes,additions,deletions,changed_files,new_technical_debt,blocker_violations,bugs,classes,code_smells,cognitive_complexity,comment_lines,comment_lines_density,class_complexity,file_complexity,function_complexity,complexity_in_classes,complexity_in_functions,branch_coverage,new_branch_coverage,conditions_to_cover,new_conditions_to_cover,confirmed_issues,coverage,new_coverage,critical_violations,complexity,last_commit_date,directories,duplicated_blocks,new_duplicated_blocks,duplicated_files,duplicated_lines,duplicated_lines_density,new_duplicated_lines_density,new_duplicated_lines,effort_to_reach_maintainability_rating_a,false_positive_issues,file_complexity_distribution,files,function_complexity_distribution,functions,generated_lines,generated_ncloc,info_violations,violations,line_coverage,new_line_coverage,lines,ncloc,lines_to_cover,new_lines_to_cover,sqale_rating,new_maintainability_rating,major_violations,minor_violations,new_blocker_violations,new_bugs,new_code_smells,new_critical_violations,new_info_violations,new_violations,new_lines,new_major_violations,new_minor_violations,new_security_hotspots,new_vulnerabilities,open_issues,projects,public_api,public_documented_api_density,public_undocumented_api,alert_status,reliability_rating,new_reliability_rating,reliability_remediation_effort,new_reliability_remediation_effort,reopened_issues,security_hotspots,security_rating,new_security_rating,security_remediation_effort,new_security_remediation_effort,security_review_rating,skipped_tests,statements,sqale_index,sqale_debt_ratio,new_sqale_debt_ratio,uncovered_conditions,new_uncovered_conditions,uncovered_lines,new_uncovered_lines,test_execution_time,test_errors,test_failures,tests,test_success_density,vulnerabilities,wont_fix_issues
monica,master,2019-12-31T19:36:10+0100,2020-02-28T11:41:59+0100,115,1640,8,0.0151,20515,13512,7003,517,0,0,41,484,143,2313,7188,17.2,0,6.1,0,0,0,0,0,0,0,0,76.0,0,5,4347,1582544454000,0,36,0,25,1233,1.7,0,0,0,17,0,728,0,2772,0,0,7,184,76.0,0,70579,34561,11746,0,1.0,0,116,56,0,0,0,0,0,0,0,0,0,0,0,184,0,0,0,0,OK,3.0,0,160,0,0,79,1.0,0,0,0,1.0,9,12153,2124,0.2,0.256765067650677,0,0,2816,0,271286,0,0,1486,100.0,0,24
monica,2.16.0,2019-11-12T23:30:52+0100,2019-12-31T19:36:10+0100,137,1525,17,0.0091,31230,17081,14149,656,0,0,37,448,89,2083,6947,17.8,0,6.0,0,0,0,0,0,0,0,1,75.1,0,5,4032,1577816795000,0,32,0,21,1118,1.7,0,0,0,17,0,689,0,2605,0,0,8,126,75.1,0,66927,32101,11177,0,1.0,0,66,47,0,0,0,0,0,0,0,0,0,0,0,125,0,0,0,0,OK,2.0,0,160,0,0,0,1.0,0,0,0,1.0,9,11306,1857,0.2,0.116033755274262,0,0,2782,0,301966,0,0,1381,100.0,0,24
monica,2.15.2,2019-09-24T23:52:35+0200,2019-11-12T23:30:52+0100,96,1388,13,0.0153,17315,10801,6514,401,0,0,42,438,85,2043,6796,17.8,0,5.9,0,0,0,0,0,0,0,1,73.5,0,4,3904,1573596296000,0,29,0,20,1006,1.5,0,0,0,20,0,681,0,2497,0,0,8,128,73.5,0,65792,31366,10868,0,1.0,0,64,52,0,0,0,0,0,0,0,0,0,0,0,127,0,0,0,0,OK,2.0,0,185,0,0,0,2.0,0,10,0,1.0,9,11003,1811,0.2,1.21757925072046,0,0,2883,0,303141,3,4,1345,99.5,1,23
monica,2.15.1,2019-09-22T14:21:12+0200,2019-09-24T23:52:35+0200,5,1292,1,1.0,54,31,23,9,0,0,90,435,110,2027,6485,17.6,0,5.7,0,0,0,0,0,0,0,1,73.1,0,5,3816,1569361130000,0,27,0,19,742,1.1,0,0,0,20,0,680,0,2428,0,0,4,200,73.1,0,64841,30278,10507,0,1.0,0,101,90,0,0,0,0,0,0,0,0,0,0,0,199,0,0,0,0,OK,3.0,0,313,0,0,10,1.0,0,0,0,1.0,9,10761,1476,0.2,0.0,0,0,2828,0,307243,0,0,1331,100.0,0,11
monica,2.15.0,2019-04-07T23:10:28+0200,2019-09-22T14:21:12+0200,266,1287,21,0.0059,36091,25289,10802,625,0,0,90,435,110,2028,6485,17.6,0,5.7,0,0,0,0,0,0,0,1,73.1,0,5,3817,1569154296000,0,27,0,19,742,1.1,0,0,0,20,0,680,0,2428,0,0,4,200,73.1,0,64843,30279,10507,0,1.0,0,101,90,0,0,0,0,0,0,0,0,0,0,0,199,0,0,0,0,OK,3.0,0,313,0,0,10,1.0,0,0,0,1.0,9,10760,1476,0.2,0.0,0,0,2829,0,319358,0,0,1331,100.0,0,11
monica,2.13.0,2019-03-09T20:12:12+0100,2019-04-07T23:10:28+0200,43,1021,10,0.0287,7635,5264,2371,208,0,0,45,413,151,1860,6091,17.9,6.3,5.3,1.6,0,0,0,0,0,0,2,68.4,0,3,3487,1554669771000,0,27,0,18,748,0.8,0,0,0,28,0=447;5=109;10=64;20=19;30=12;60=2;90=3,670,1=1021;2=387;4=83;6=27;8=10;10=6;12=9,2239,0,0,3,196,68.4,0,60969,27934,9888,0,1.0,0,140,50,0,0,0,0,0,0,0,0,0,0,0,194,0,0,0,0,OK,3.0,0,195,0,0,0,1.0,0,0,0,0,9,9880,1744,0.2,0.0256805341551104,0,0,3128,0,248813,0,0,1244,100.0,0,18
monica,2.12.1,2019-02-09T15:53:30+0100,2019-03-09T20:12:12+0100,47,978,10,0.0351,10587,6381,4206,207,0,0,46,412,151,1848,6043,17.9,6.3,5.3,1.6,0,0,0,0,0,0,2,66.7,0,3,3459,1552157470000,195,29,0,19,750,0.8,0,0,0,27,0=449;5=108;10=63;20=19;30=11;60=2;90=3,669,1=1007;2=376;4=89;6=29;8=9;10=6;12=9,2209,0,0,3,197,66.7,0,60541,27717,9873,0,1.0,0,140,51,0,0,0,0,0,0,0,0,0,0,0,195,0,0,0,0,OK,3.0,0,200,0,0,0,1.0,0,0,0,0,9,9837,1759,0.2,0.0,0,0,3290,0,202408,0,0,1187,100.0,0,17
monica,2.12.0,2019-01-01T16:25:26+0100,2019-02-09T15:53:30+0100,106,931,12,0.0132,222248,114046,108202,742,0,0,46,413,151,1860,5993,17.8,6.3,5.3,1.6,0,0,0,0,0,0,2,66.8,0,3,3471,1549723365000,195,31,0,21,876,1.0,0,0,0,50,0=451;5=106;10=63;20=18;30=12;60=2;90=3,669,1=1006;2=379;4=88;6=27;8=9;10=8;12=9,2210,0,0,3,197,66.8,0,60195,27730,9890,0,1.0,0,140,51,0,0,0,0,0,0,0,0,0,0,0,195,0,0,0,0,OK,3.0,0,200,0,0,0,1.0,0,0,0,0,9,9840,1759,0.2,0.0,0,0,3287,0,143819,0,0,1187,100.0,0,20
monica,2.11.2,2018-12-26T15:40:14+0100,2019-01-01T16:25:26+0100,8,825,3,0.2206,748,710,38,15,0,0,46,390,127,1785,6521,12.0,6.5,4.0,1.6,0,0,0,0,0,0,3,66.6,0,3,3318,1546355750000,202,29,0,18,732,0.7,0,0,0,34,0=646;5=99;10=63;20=12;30=14;60=2;90=3,853,0,2085,0,0,3,173,66.6,0,83166,47805,9477,0,1.0,0,112,55,0,0,0,0,0,0,0,0,0,0,0,170,0,0,0,0,OK,3.0,0,200,0,0,0,1.0,0,0,0,0,9,9677,1189,0.1,0.0,0,0,3168,0,266338,0,0,1088,100.0,0,26
monica,2.11.1,2018-12-23T20:04:53+0100,2018-12-26T15:40:14+0100,16,817,3,0.1468,18402,11734,6668,204,0,0,46,389,127,1762,6465,11.9,6.5,3.9,1.6,0,0,0,0,0,0,3,66.4,0,3,3295,1545834086000,202,29,0,18,732,0.7,0,0,0,34,0=645;5=99;10=64;20=12;30=13;60=2;90=3,852,0,2076,0,0,3,173,66.4,0,82928,47689,9408,0,1.0,0,112,55,0,0,0,0,0,0,0,0,0,0,0,170,0,0,0,0,OK,3.0,0,200,0,0,0,1.0,0,0,0,0,9,9620,1189,0.1,0.0,0,0,3165,0,311567,0,0,1078,100.0,0,26
monica,2.11.0,2018-11-15T03:08:27+0100,2018-12-23T20:04:53+0100,72,801,16,0.0199,26465,19116,7349,361,0,0,47,374,127,1743,6411,12.3,6.6,4.1,1.6,0,0,0,0,0,0,3,65.8,0,3,3274,1545591382000,196,29,0,18,731,0.7,0,0,0,34,0=617;5=98;10=62;20=13;30=13;60=2;90=3,822,0,2057,0,0,3,174,65.8,0,79772,45549,9177,0,1.0,0,112,56,0,0,0,0,0,0,0,0,0,0,0,171,0,0,0,0,OK,3.0,0,202,0,0,0,1.0,0,0,0,0,9,9434,1189,0.1,0.0,0,0,3142,0,249235,0,0,1034,100.0,0,25
monica,2.10.2,2018-11-13T15:56:32+0100,2018-11-15T03:08:27+0100,6,729,3,0.2728,184,126,58,20,0,0,49,332,228,1691,5913,12.8,6.9,4.0,1.7,0,0,0,0,0,0,5,64.9,0,9,3035,1542247024000,179,29,0,14,595,0.8,0,0,0,16,0=588;5=83;10=56;20=16;30=11;60=3;90=2,773,0,1852,0,0,101,284,64.9,0,72345,40453,8457,0,1.0,0,115,59,0,0,0,0,0,0,0,0,0,0,0,279,0,0,0,0,OK,3.0,0,212,0,0,0,1.0,0,0,0,0,9,8752,1779,0.1,0.0813802083333333,0,0,2969,0,246940,0,0,910,100.0,0,28
monica,2.10.1,2018-11-11T20:59:05+0100,2018-11-13T15:56:32+0100,3,723,1,1.0,29,21,8,5,0,0,49,331,228,1688,5907,12.7,6.9,4.0,1.7,0,0,0,0,0,0,5,65.0,0,9,3029,1542120225000,179,29,0,14,595,0.8,0,0,0,16,0=588;5=82;10=56;20=16;30=11;60=3;90=2,772,0,1849,0,0,101,284,65.0,0,72300,40428,8443,0,1.0,0,115,59,0,0,0,0,0,0,0,0,0,0,0,279,0,0,0,0,OK,3.0,0,212,0,0,0,1.0,0,0,0,0,9,8742,1779,0.1,0.0818799639728159,0,0,2955,0,219953,0,0,910,100.0,0,28
monica,2.10.0,2018-10-14T17:37:43+0200,2018-11-11T20:59:05+0100,73,720,18,0.0197,29020,20158,8862,458,0,0,49,331,228,1688,5907,12.7,6.9,4.0,1.7,0,0,0,0,0,0,5,65.0,0,9,3029,1541965677000,179,29,0,14,595,0.8,0,0,0,16,0=588;5=82;10=56;20=16;30=11;60=3;90=2,772,0,1849,0,0,101,284,65.0,0,72298,40428,8443,0,1.0,0,115,59,0,0,0,0,0,0,0,0,0,0,0,279,0,0,0,0,OK,3.0,0,212,0,0,0,1.0,0,0,0,0,9,8742,1779,0.1,0.075041272699985,0,0,2955,0,161068,0,0,910,100.0,0,28
monica,2.9.0,2018-10-09T03:02:39+0200,2018-10-14T17:37:43+0200,17,647,4,0.1433,1397,762,635,89,0,0,55,300,274,1557,5291,12.1,6.8,3.8,1.7,0,0,0,0,0,0,7,53.1,0,9,2733,1539531023000,164,51,0,12,569,0.8,0,0,0,12,0=553;5=82;10=48;20=13;30=10;60=3;90=2,725,0,1667,0,0,149,333,53.1,0,68152,38385,7557,0,1.0,0,105,70,0,0,0,0,0,0,0,0,0,0,0,326,0,0,0,0,OK,3.0,0,227,0,0,0,1.0,0,0,0,0,9,8047,2172,0.2,0.0,0,0,3542,0,123880,0,0,673,100.0,0,34
monica,2.8.1,2018-09-29T04:02:57+0200,2018-10-09T03:02:39+0200,17,630,3,0.233,1767,1266,501,42,0,0,55,300,274,1554,5304,12.2,6.8,3.8,1.7,0,0,0,0,0,0,7,53.1,0,9,2733,1539046437000,164,51,0,12,575,0.8,0,0,0,12,0=552;5=83;10=49;20=12;30=10;60=3;90=2,725,0,1667,0,0,149,333,53.1,0,68102,38325,7536,0,1.0,0,105,70,0,0,0,0,0,0,0,0,0,0,0,326,0,0,0,0,ERROR,3.0,0,227,0,0,0,1.0,0,0,0,0,9,8032,2172,0.2,0.0,0,0,3533,0,134789,0,0,672,100.0,0,34
monica,2.8.0,2018-09-06T05:03:13+0200,2018-09-29T04:02:57+0200,40,613,7,0.047,14583,11732,2851,366,0,0,55,297,274,1548,5281,12.2,6.8,3.8,1.7,0,0,0,0,0,0,7,52.7,0,9,2722,1538184549000,163,51,0,12,575,0.8,0,0,0,12,0=550;5=82;10=49;20=12;30=10;60=3;90=2,722,0,1662,0,0,149,333,52.7,0,67844,38168,7467,0,1.0,0,105,70,0,0,0,0,0,0,0,0,0,0,0,326,0,0,0,0,ERROR,3.0,0,227,0,0,0,1.0,0,0,0,0,9,7968,2172,0.2,0.013290802764487,0,0,3532,0,249977,0,0,660,100.0,0,34
monica,2.7.1,2018-09-05T04:20:29+0200,2018-09-06T05:03:13+0200,2,573,1,1.0,46,45,1,3,0,0,0,281,198,1498,5008,12.7,6.8,3.8,1.7,0,0,0,0,0,0,7,51.5,0,8,2580,1536200945000,155,51,0,12,575,0.9,0,0,0,9,0=528;5=73;10=46;20=11;30=10;60=3;90=2,687,0,1570,0,0,149,201,51.5,0,61980,34448,7168,0,1.0,0,28,16,0,0,0,0,0,0,0,0,0,0,0,194,0,0,0,0,ERROR,1.0,0,0,0,0,0,1.0,0,0,0,0,9,7623,1792,0.2,0.0185597624350408,0,0,3476,0,183612,0,0,608,100.0,0,53
monica,2.7.0,2018-08-18T00:06:01+0200,2018-09-05T04:20:29+0200,40,571,4,0.0781,8805,7457,1348,307,0,0,0,281,198,1498,5008,12.7,6.8,3.8,1.7,0,0,0,0,0,0,7,51.5,0,8,2580,1536113284000,155,51,0,12,575,0.9,0,0,0,9,0=528;5=73;10=46;20=11;30=10;60=3;90=2,687,0,1570,0,0,149,201,51.5,0,61980,34448,7168,0,1.0,0,28,16,0,0,0,0,0,0,0,0,0,0,0,194,0,0,0,0,ERROR,1.0,0,0,0,0,0,1.0,0,0,0,0,9,7623,1792,0.2,0.0185597624350408,0,0,3476,0,209448,0,0,608,100.0,0,53
monica,2.6.0,2018-08-09T02:52:03+0200,2018-08-18T00:06:01+0200,30,531,5,0.0711,7018,5760,1258,230,0,0,0,255,215,1352,4716,12.9,7.2,3.9,1.7,0,0,0,0,0,0,7,49.5,0,169,2453,1534542844000,147,49,0,11,523,0.9,0,0,0,8,0=489;5=67;10=43;20=11;30=10;60=3;90=2,638,0,1507,0,0,4,218,49.5,0,57863,31777,6735,0,1.0,0,28,17,0,0,0,0,0,0,0,0,0,0,0,211,0,0,0,0,ERROR,1.0,0,0,0,0,0,1.0,0,0,0,0,9,7180,1894,0.2,0.0,0,0,3401,0,183850,0,0,515,100.0,0,39
monica,2.5.0,2018-07-26T19:24:04+0200,2018-08-09T02:52:03+0200,29,501,6,0.0743,2251,1749,502,121,0,0,0,250,215,1313,4582,13.2,7.2,4.0,1.7,0,0,0,0,0,0,7,52.4,0,169,2390,1533774612000,143,49,0,11,520,0.9,0,0,0,5,0=472;5=64;10=40;20=11;30=11;60=2;90=2,615,0,1467,0,0,4,218,52.4,0,55542,30084,6579,0,1.0,0,28,17,0,0,0,0,0,0,0,0,0,0,0,211,0,0,0,0,ERROR,1.0,0,0,0,0,0,1.0,0,0,0,0,0,6983,1894,0.2,0.0,0,0,3131,0,363948,0,0,553,100.0,0,41
monica,2.4.2,2018-07-24T15:22:07+0200,2018-07-26T19:24:04+0200,14,472,4,0.1681,538,387,151,28,0,0,0,248,215,1302,4563,13.4,7.2,3.9,1.7,0,0,0,0,0,0,7,51.7,0,166,2344,1532624940000,144,49,0,11,520,1.0,0,0,0,5,0=474;5=60;10=40;20=11;30=9;60=3;90=2,616,0,1425,0,0,4,215,51.7,0,54636,29528,6497,0,1.0,0,28,17,0,0,0,0,0,0,0,0,0,0,0,208,0,0,0,0,ERROR,1.0,0,0,0,0,0,1.0,0,0,0,0,0,6862,1890,0.2,0.100502512562814,0,0,3137,0,363533,0,0,541,100.0,0,41
monica,2.4.0,2018-06-22T14:51:11+0200,2018-07-24T15:22:07+0200,52,458,14,0.024,8985,6213,2772,327,0,0,4,248,217,1298,4561,13.4,7.2,3.9,1.7,0,0,0,0,0,0,7,50.1,0,166,2342,1532431543000,144,49,0,11,520,1.0,0,0,0,1,0=474;5=60;10=40;20=11;30=9;60=3;90=2,616,0,1425,0,0,4,221,50.1,0,54615,29512,6493,0,1.0,0,32,19,0,0,0,0,0,0,0,0,0,0,0,214,0,0,0,0,ERROR,3.0,0,4,0,0,0,1.0,0,0,0,0,0,6855,1900,0.2,0.102933607822954,0,0,3241,0,321006,0,0,537,100.0,0,39
monica,2.3.1,2018-06-14T07:22:46+0200,2018-06-22T14:51:11+0200,12,406,2,0.4445,2843,1589,1254,268,0,0,0,242,68,1232,4146,13.8,7.3,3.7,1.7,0,0,0,0,0,0,7,42.7,0,8,2172,1529665830000,136,51,0,12,568,1.1,0,0,0,1,0=469;5=59;10=35;20=13;30=7;60=2;90=2,590,0,1288,0,0,9,68,42.7,0,49518,25942,7033,0,1.0,0,33,18,0,0,0,0,0,0,0,0,0,0,0,61,0,0,0,0,ERROR,1.0,0,0,0,0,0,1.0,0,0,0,0,0,6359,1252,0.2,0.14569797204174,0,0,4031,0,321860,0,0,496,100.0,0,23
monica,2.3.0,2018-05-31T03:12:54+0200,2018-06-14T07:22:46+0200,27,394,5,0.1116,4021,3164,857,181,0,0,0,243,67,1233,4148,13.8,7.2,3.7,1.7,0,0,0,0,0,0,7,42.6,0,8,2168,1528937960000,131,51,0,12,568,1.1,0,0,0,1,0=470;5=59;10=35;20=13;30=7;60=2;90=2,591,0,1289,0,0,9,67,42.6,0,49432,25840,7024,0,1.0,0,33,17,0,0,0,0,0,0,0,0,0,0,0,60,0,0,0,0,ERROR,1.0,0,0,0,0,0,1.0,0,0,0,0,0,6264,1247,0.2,0.173913043478261,0,0,4030,0,308167,0,0,495,100.0,0,23
monica,2.2.0,2018-05-14T23:47:02+0200,2018-05-31T03:12:54+0200,42,367,11,0.0368,2882,2622,260,105,0,0,0,242,62,1173,4119,14.1,7.1,3.7,1.7,0,0,0,0,0,0,7,42.4,0,6,2123,1527727529000,121,51,0,12,565,1.2,0,0,0,1,0=462;5=56;10=35;20=13;30=7;60=2;90=2,580,0,1284,0,0,8,62,42.4,0,48553,25183,6892,0,1.0,0,32,16,0,0,0,0,0,0,0,0,0,0,0,55,0,0,0,0,ERROR,1.0,0,0,0,0,0,1.0,0,0,0,0,0,6148,1191,0.2,0.168208578637511,0,0,3971,0,274719,0,0,493,100.0,0,23
monica,2.1.1,2018-05-04T04:35:03+0200,2018-05-14T23:47:02+0200,35,325,7,0.0634,4133,2921,1212,141,0,0,0,224,56,1128,3967,13.9,7.3,3.7,1.7,0,0,0,0,0,0,7,41.9,0,6,2043,1526296832000,113,51,0,12,565,1.2,0,0,0,1,0=441;5=54;10=34;20=14;30=6;60=2;90=2,556,0,1238,0,0,7,56,41.9,0,47267,24577,6631,0,1.0,0,29,14,0,0,0,0,0,0,0,0,0,0,0,49,0,0,0,0,ERROR,1.0,0,0,0,0,0,1.0,0,0,0,0,0,5895,1166,0.2,0.159208982738395,0,0,3853,0,264561,0,0,473,100.0,0,23
monica,2.1.0,2018-04-17T15:06:42+0200,2018-05-04T04:35:03+0200,44,290,7,0.0424,23460,13870,9590,264,0,0,0,223,54,1092,3937,13.9,7.2,3.6,1.7,0,0,0,0,0,0,7,40.4,0,7,2008,1525400818000,114,51,0,12,565,1.2,0,0,0,1,0=441;5=53;10=33;20=14;30=7;60=1;90=2,554,0,1231,0,0,7,54,40.4,0,46953,24374,6536,0,1.0,0,26,14,0,0,0,0,0,0,0,0,0,0,0,47,0,0,0,0,ERROR,1.0,0,0,0,0,0,1.0,0,0,0,0,0,5814,1148,0.2,0.0868055555555556,0,0,3894,0,242084,0,0,462,100.0,0,27
monica,2.0.1,2018-04-13T04:48:22+0200,2018-04-17T15:06:42+0200,19,246,5,0.079,19495,2517,16978,110,0,0,0,217,69,1011,3776,13.8,6.9,3.5,1.6,0,0,0,0,0,0,9,37.1,0,6,1883,1523969525000,112,55,0,12,571,1.3,0,0,0,1,0=437;5=50;10=35;20=11;30=6;60=1;90=2,545,0,1180,0,0,6,69,37.1,0,45460,23569,6212,0,1.0,0,47,10,0,0,0,0,0,0,0,0,0,0,0,60,0,0,0,0,ERROR,1.0,0,0,0,0,0,1.0,0,0,0,0,0,5495,1579,0.2,0.10149642160052,0,0,3907,0,40926,0,0,394,100.0,0,33
monica,2.0.0,2018-03-21T03:20:54+0100,2018-04-13T04:48:22+0200,75,227,9,0.0254,50501,25029,25472,426,0,0,0,213,67,986,3690,13.7,6.9,3.6,1.6,0,0,0,0,0,0,9,34.6,0,6,1857,1523586918000,111,54,0,12,566,1.3,0,0,0,1,0=412;5=49;10=34;20=10;30=7;60=2;90=1,518,0,1161,0,0,6,67,34.6,0,44686,23192,6105,0,1.0,0,45,10,0,0,0,0,0,0,0,0,0,0,0,58,0,0,0,0,ERROR,1.0,0,0,0,0,0,1.0,0,0,0,0,0,5378,1529,0.2,0.0893186003683241,0,0,3995,0,36979,0,0,367,100.0,0,33
monica,1.8.2,2018-03-02T17:43:38+0100,2018-03-21T03:20:54+0100,40,152,8,0.0325,24546,14117,10429,203,0,0,0,200,63,911,3472,11.4,7.0,3.6,1.6,0,0,0,0,0,0,9,33.1,0,4,1758,1521598352000,108,51,0,14,505,1.1,0,0,0,1,0=401;5=44;10=29;20=13;30=6;60=1;90=1,496,0,1118,0,0,8,63,33.1,0,47815,27068,5867,0,1.0,0,47,4,0,0,0,0,0,0,0,0,0,0,0,54,0,0,0,0,ERROR,1.0,0,0,0,0,0,1.0,0,0,0,0,0,5169,1511,0.2,0.0483690202324072,0,0,3927,0,85013,0,0,314,100.0,0,34
monica,1.7.2,2018-02-26T19:41:58+0100,2018-03-02T17:43:38+0100,10,112,2,0.48,9016,5035,3981,42,0,0,0,199,149,978,3386,12.2,6.9,3.7,1.6,0,0,0,0,0,0,7,33.3,0,8,1740,1520008532000,106,108,0,21,7042,15.8,0,0,0,1,0=378;5=48;10=24;20=15;30=6;60=0;90=1,473,0,1097,0,0,22,149,33.3,0,44656,24265,5941,0,1.0,0,62,57,0,0,0,0,0,0,0,0,0,0,0,142,0,0,0,0,ERROR,1.0,0,0,0,0,0,1.0,0,0,0,0,0,5167,2867,0.4,0.0569731005575225,0,0,3961,0,83222,0,0,314,100.0,0,25
monica,1.7.1,2018-02-19T23:01:39+0100,2018-02-26T19:41:58+0100,17,102,3,0.1394,13649,8585,5064,173,0,0,0,198,151,987,3364,12.5,6.9,3.7,1.6,0,0,0,0,0,0,7,33.0,0,9,1731,1519669899000,105,255,0,21,6337,14.5,0,0,0,1,0=378;5=47;10=24;20=15;30=6;60=0;90=1,472,0,1089,0,0,22,151,33.0,0,43829,23504,5913,0,1.0,0,63,57,0,0,0,0,0,0,0,0,0,0,0,144,0,0,0,0,ERROR,1.0,0,0,0,0,0,1.0,0,0,0,0,0,5147,2905,0.4,0.0529100529100529,0,0,3963,0,82703,0,0,309,100.0,0,23
monica,1.7.0,2018-02-17T12:27:13+0100,2018-02-19T23:01:39+0100,6,85,2,0.2778,249,193,56,34,0,0,0,189,207,973,3207,12.6,7.0,3.7,1.7,0,0,0,0,0,0,27,27.0,0,8,1675,1519073782000,104,354,0,21,6349,15.1,0,0,0,1,0=358;5=44;10=27;20=13;30=4;60=1;90=1,449,0,1043,0,0,21,207,27.0,0,41935,22291,5697,0,1.0,0,69,109,0,0,0,0,0,0,0,0,0,0,0,180,0,0,0,0,ERROR,1.0,0,0,0,0,0,1.0,0,0,0,0,0,4939,3128,0.5,0.0386424731182796,0,0,4157,0,65979,0,0,250,100.0,0,21
monica,1.6.2,2018-02-16T21:22:37+0100,2018-02-17T12:27:13+0100,2,79,2,0.5,369,158,211,8,0,1,0,189,491,973,3207,12.6,7.0,3.7,1.7,0,0,0,0,0,0,2,27.0,0,8,1675,1518834347000,104,354,0,21,6349,15.1,0,0,0,0,0=358;5=44;10=27;20=13;30=4;60=1;90=1,449,0,1043,0,0,11,492,27.0,0,41935,22291,5697,0,1.0,0,83,389,0,0,0,0,0,0,0,0,0,0,0,490,0,0,0,0,ERROR,1.0,0,0,0,0,0,5.0,0,30,0,0,0,4939,6080,0.9,0.200415368639668,0,0,4156,0,72808,0,0,250,100.0,1,3
monica,1.6.1,2018-01-26T01:32:43+0100,2018-02-16T21:22:37+0100,32,77,5,0.0498,22410,14445,7965,172,0,1,0,189,491,973,3207,12.6,7.0,3.7,1.7,0,0,0,0,0,0,2,27.0,0,8,1675,1518766091000,104,354,0,21,6349,15.1,0,0,0,0,0=358;5=44;10=27;20=13;30=4;60=1;90=1,449,0,1043,0,0,11,492,27.0,0,41935,22291,5697,0,1.0,0,83,389,0,0,0,0,0,0,0,0,0,0,0,490,0,0,0,0,ERROR,1.0,0,0,0,0,0,5.0,0,30,0,0,0,4939,6080,0.9,0.200415368639668,0,0,4157,0,65069,0,0,250,100.0,1,3
monica,1.6.0,2018-01-15T01:06:12+0100,2018-01-26T01:32:43+0100,19,45,3,0.1195,11255,10690,565,96,0,0,0,185,482,957,3095,15.8,6.9,3.7,1.7,0,0,0,0,0,0,2,24.6,0,9,1586,1516854462000,101,106,0,20,1259,3.6,0,0,0,0,0=348;5=40;10=27;20=12;30=5;60=0;90=1,433,0,979,0,0,11,482,24.6,0,35160,16489,5416,0,1.0,0,80,382,0,0,0,0,0,0,0,0,0,0,0,480,0,0,0,0,ERROR,1.0,0,0,0,0,0,1.0,0,0,0,0,0,4705,5939,1.2,2.67920414281821,0,0,4085,0,55919,0,0,224,100.0,0,3
monica,1.5.0,2018-01-08T20:58:32+0100,2018-01-15T01:06:12+0100,26,26,8,0.0588,3924,3328,596,92,0,0,0,180,466,930,2990,15.6,6.8,3.6,1.7,0,0,0,0,0,0,2,21.3,0,9,1525,1515972828000,100,106,0,20,1258,3.6,0,0,0,0,0=345;5=40;10=26;20=10;30=5;60=0;90=1,427,0,936,0,0,11,466,21.3,0,34499,16122,5215,0,1.0,0,70,376,0,0,0,0,0,0,0,0,0,0,0,464,0,0,0,0,ERROR,1.0,0,0,0,0,0,1.0,0,0,0,0,0,4553,5742,1.2,3.3643204957946,0,0,4106,0,44362,0,0,167,100.0,0,3
simgrid,3.25.1,2020-02-02T06:05:27+0100,2020-02-28T05:48:34+0100,160,1468,5,0.0224,28598,16159,12439,263,0,4,1,557,820,11762,13817,13.6,0,19.7,0,0,0,22.7,0,110,0,0,75.6,0,498,14828,1582839400000,0,19,0,8,319,0.3,0,0,0,118,0,907,0,6714,0,0,96,821,75.7,0,125209,87509,39572,0,1.0,0,218,5,0,0,0,0,0,0,0,0,0,0,0,820,0,0,0,0,OK,5.0,0,5,0,1,0,1.0,0,0,0,1.0,0,95614,9589,0.4,0.157204589479958,85,0,9608,0,0,0,0,0,0,0,200
simgrid,3.24.1,2019-10-10T04:53:55+0200,2020-02-02T06:05:27+0100,668,1308,8,0.0063,71239,42164,29075,1170,0,0,0,556,665,11655,13520,13.7,0,20.3,0,0,0,22.7,0,110,0,0,74.5,0,344,14587,1580602296000,0,19,0,8,319,0.3,0,0,0,132,0,861,0,6568,0,0,94,665,74.6,0,121602,85081,38235,0,1.0,0,223,4,0,0,0,0,0,0,0,0,0,0,0,665,0,0,0,0,ERROR,1.0,0,0,0,0,0,1.0,0,0,0,1.0,0,91279,8192,0.3,0.158008658008658,85,0,9700,0,0,0,0,0,0,0,196
simgrid,3.24,2019-10-09T04:55:01+0200,2019-10-10T04:53:55+0200,19,640,4,0.1204,414,238,176,18,0,0,0,835,757,14333,15487,13.6,0,19.1,0,0,0,54.8,0,42,0,0,80.5,0,423,17514,1570641875000,0,52,0,9,590,0.4,0,0,0,121,0,1099,0,7615,0,0,114,757,80.5,0,140873,98379,43487,0,1.0,0,218,2,0,0,0,0,0,0,0,0,0,0,0,757,0,0,0,0,OK,1.0,0,0,0,0,10,1.0,0,0,0,1.0,0,100176,10059,0.3,0.262885836656328,19,0,8471,0,0,0,0,0,0,0,834
simgrid,3.23.3,2019-07-07T04:42:38+0200,2019-10-09T04:55:01+0200,458,621,12,0.0069,206748,118798,87950,690,0,1,1,835,760,14331,15484,13.6,0,19.1,0,0,0,54.8,0,42,0,0,80.5,0,424,17511,1570513921000,0,52,0,9,590,0.4,0,0,0,120,0,1099,0,7614,0,0,114,761,80.6,0,140852,98371,43477,0,1.0,0,220,2,0,0,0,0,0,0,0,0,0,0,0,761,0,0,0,0,ERROR,5.0,0,5,0,0,0,1.0,0,0,0,1.0,0,100211,10099,0.3,0.332114564290067,19,0,8452,0,0,0,0,0,0,0,834
simgrid,3.23.1,2019-06-25T04:42:33+0200,2019-07-07T04:42:38+0200,84,163,6,0.0389,10676,7771,2905,175,0,0,0,820,751,14089,15226,13.7,0,18.9,0,0,0,66.0,0,94,0,0,80.7,0,417,17184,1562314077000,0,38,0,6,476,0.3,0,0,0,141,0,1082,0,7488,0,0,117,751,80.7,0,137599,95908,42597,0,1.0,0,217,0,0,0,0,0,0,0,0,0,0,0,0,750,0,0,0,0,ERROR,1.0,0,0,0,1,4,1.0,0,0,0,1.0,0,93566,9626,0.3,0.731707317073171,32,0,8225,0,0,0,0,0,0,0,128
simgrid,3.22.5,2019-06-06T04:46:40+0200,2019-06-25T04:42:33+0200,79,79,6,0.0865,4918,2590,2328,85,0,0,0,816,753,14111,15254,13.7,0,19.0,0,0,0,58.9,0,56,0,0,80.2,0,393,17216,1561388549000,0,38,0,6,476,0.3,0,0,0,144,0,1081,0,7497,0,0,117,753,80.2,0,137707,96001,42637,0,1.0,0,236,7,0,0,0,0,0,0,0,0,0,0,0,752,0,0,0,0,OK,1.0,0,0,0,1,4,1.0,0,0,0,0,0,93427,9594,0.3,0.44030044030044,23,0,8425,0,0,0,0,0,0,0,115
sonarqube,8.3-SNAPSHOT,2020-02-26T11:34:10+0100,2020-02-26T21:10:10+0100,0,2245,0,0,0,0,0,0,0,164,51,4567,3262,19364,16234,5.2,0,9.9,0,0,0,81.4,0,22135,0,1118,88.6,0,99,47183,1582710079000,0,176,0,141,4163,0.9,0,0,0,115,0,4868,0,31398,0,0,701,3320,90.4,0,469225,295291,90222,0,1.0,0,1244,1112,0,0,0,0,0,0,0,0,0,0,0,2198,0,0,0,0,OK,3.0,0,375,0,4,108,4.0,0,15,0,1.0,0,79804,34013,0.4,0.0,4109,0,8670,0,418040,0,0,19169,100.0,7,585
sonarqube,8.2-SNAPSHOT,2020-02-21T09:15:30+0100,2020-02-26T11:34:10+0100,38,2245,12,0.0489,19908,12712,7196,239,0,164,51,4567,3263,19364,16234,5.2,0,9.9,0,0,0,81.4,0,22135,0,1118,88.6,0,99,47183,1582710079000,0,176,0,141,4163,0.9,0,0,0,115,0,4868,0,31398,0,0,701,3321,90.4,0,469225,295291,90222,0,1.0,0,1245,1112,0,0,0,0,0,0,0,0,0,0,0,2199,0,0,0,0,OK,3.0,0,375,0,4,108,4.0,0,15,0,1.0,0,79804,34018,0.4,0.230523304728252,4112,0,8672,0,432626,0,0,19169,100.0,7,585
sonarqube,7.9.3-SNAPSHOT,2019-12-17T16:05:06+0100,2020-02-21T09:15:30+0100,208,2207,21,0.0105,139635,89818,49817,1930,0,224,60,4909,4049,19663,16869,5.2,0,9.5,0,0,0,82.4,0,22287,0,1077,89.5,0,213,48291,1582228388000,0,195,0,161,4527,0.9,0,0,0,99,0,5226,0,31968,0,0,712,4120,91.2,0,492702,309282,94133,0,1.0,0,1681,1290,0,0,0,0,0,0,0,0,0,0,0,3039,0,0,0,0,ERROR,5.0,0,450,0,4,111,5.0,0,90,0,1.0,0,82288,39544,0.4,0.0,3914,0,8271,0,322002,0,0,19657,100.0,11,477
sonarqube,8.1-SNAPSHOT,2019-12-05T21:05:12+0100,2019-12-17T16:05:06+0100,54,1999,11,0.0541,23766,13823,9943,950,0,165,55,4544,3257,19069,16090,5.2,0,9.9,0,0,0,81.2,0,21941,0,1115,88.2,0,97,46455,1576525573000,0,176,0,141,4182,0.9,0,0,0,121,0,4795,0,31015,0,0,701,3313,89.9,0,463672,291865,88709,0,1.0,0,1243,1107,0,0,0,0,0,0,0,0,0,0,0,2194,0,0,0,0,ERROR,3.0,0,425,0,4,106,5.0,0,5,0,1.0,0,78620,33906,0.4,0.37117903930131,4129,0,8945,0,384943,0,0,18665,100.0,1,582
sonarqube,7.9.2-SNAPSHOT,2019-10-15T12:11:16+0200,2019-12-05T21:05:12+0100,143,1945,21,0.0165,48107,29810,18297,817,0,222,59,4909,3928,19663,16866,5.2,0,9.5,0,0,0,82.4,0,22287,0,1089,89.5,0,146,48293,1575575589000,0,195,0,161,4527,0.9,0,0,0,134,0,5226,0,31972,0,0,714,3990,91.2,0,492708,309290,94138,0,1.0,0,1650,1258,0,0,0,0,0,0,0,0,0,0,0,2897,0,0,0,0,ERROR,5.0,0,435,0,4,106,5.0,0,60,0,1.0,0,82286,38231,0.4,0.0,3924,0,8300,0,334150,0,0,19645,100.0,3,542
sonarqube,8.0,2019-10-14T20:38:58+0200,2019-10-15T12:11:16+0200,4,1802,2,0.5,35,19,16,4,0,163,52,4524,3333,19059,16118,5.3,0,9.9,0,0,0,81.1,0,22031,0,1168,88.0,0,100,46242,1571077265000,0,164,0,140,3917,0.9,0,0,0,151,0,4744,0,30797,0,0,722,3385,89.8,0,460385,289786,88358,0,1.0,0,1249,1151,0,0,0,0,0,0,0,0,0,0,0,2212,0,0,0,0,OK,3.0,0,380,0,5,105,1.0,0,0,0,1.0,0,78261,34412,0.4,0.0,4172,0,9031,0,349154,0,0,18670,100.0,0,630
sonarqube,8.0-SNAPSHOT,2019-06-28T20:39:51+0200,2019-10-14T20:38:58+0200,415,1798,32,0.0064,249861,82452,167409,4697,0,163,60,4524,3337,19059,16118,5.3,0,9.9,0,0,0,81.1,0,22031,0,1168,88.0,0,100,46242,1571077265000,0,164,0,140,3917,0.9,0,0,0,151,0,4744,0,30797,0,0,723,3397,89.8,0,460385,289786,88358,0,1.0,0,1258,1153,0,0,0,0,0,0,0,0,0,0,0,2224,0,0,0,0,ERROR,3.0,0,500,0,5,105,1.0,0,0,0,1.0,0,78261,34442,0.4,0.313855991647907,4172,0,9031,0,349154,0,0,18670,100.0,0,618
sonarqube,7.9-SNAPSHOT,2019-06-15T20:37:39+0200,2019-06-28T20:39:51+0200,141,1383,24,0.0154,32178,22671,9507,631,0,214,56,4909,3523,21641,16865,5.2,0,9.5,0,0,0,82.4,0,22279,0,1217,89.5,0,65,48274,1561746073000,0,195,0,161,4527,0.9,0,0,0,162,0,5226,0,31879,0,0,720,3579,91.2,0,492641,308448,94120,0,1.0,0,1533,1047,0,0,0,0,0,0,0,0,0,0,0,2360,0,0,0,0,OK,3.0,0,410,0,2,103,1.0,0,0,0,1.0,0,82237,35965,0.4,0.215679146976857,3926,0,8305,0,305840,0,0,19635,100.0,0,684
sonarqube,7.8-SNAPSHOT,2019-03-19T20:45:03+0100,2019-06-15T20:37:39+0200,506,1242,32,0.0051,139626,93951,45675,2196,0,211,56,4891,3527,21298,16805,5.2,0,9.4,0,0,0,82.4,0,22186,0,1225,89.5,0,65,47798,1560622865000,0,189,0,155,4499,0.9,0,0,0,168,0,5177,0,31645,0,0,720,3583,91.2,0,486919,304277,93689,0,1.0,0,1547,1040,0,0,0,0,0,0,0,0,0,0,0,2348,0,0,0,0,ERROR,3.0,0,410,0,10,104,1.0,0,0,0,0,0,81571,35745,0.4,0.468453121928847,3911,0,8288,0,319236,0,0,19567,100.0,0,692
sonarqube,7.7-SNAPSHOT,2019-01-18T20:41:54+0100,2019-03-19T20:45:03+0100,238,736,24,0.0105,177201,142699,34502,1745,0,217,58,4805,3066,20777,16344,5.2,7.7,9.4,1.3,0,0,82.7,0,21408,0,1161,89.6,0,68,46578,1553023289000,624,186,0,150,4488,0.5,0,0,0,169,0=2006;5=635;10=635;20=232;30=189;60=36;90=11,5093,0,30970,0,0,713,3124,91.2,0,476738,297504,91435,0,1.0,0,1219,907,0,0,0,0,0,0,0,0,0,0,0,1954,0,0,0,0,OK,3.0,0,435,0,9,0,1.0,0,0,0,0,0,79539,32166,0.4,0.313687444417495,3709,0,8010,0,275564,0,0,19087,100.0,0,657
sonarqube,7.6-SNAPSHOT,2018-12-13T20:41:36+0100,2019-01-18T20:41:54+0100,255,498,17,0.0136,86626,43230,43396,2089,0,2785,62,4808,5876,20834,16593,5.3,7.7,9.4,1.3,0,0,82.9,0,21523,0,1268,89.5,0,70,46744,1547839264000,589,196,0,157,4687,0.5,0,0,0,267,0=1986;5=645;10=635;20=237;30=188;60=38;90=11,5080,1=4183;2=987;4=256;6=68;8=15;10=9;12=12,31098,0,0,845,5943,91.1,0,477883,298281,92592,0,1.0,0,1249,994,0,0,0,0,0,0,0,0,0,0,0,4664,0,0,0,0,ERROR,3.0,0,470,0,11,0,3.0,0,129,0,0,0,79953,60632,0.7,0.772594752186589,3673,0,8272,0,297626,0,0,18831,100.0,5,660
sonarqube,7.5-SNAPSHOT,2018-10-19T20:38:01+0200,2018-12-13T20:41:36+0100,243,243,20,0.0144,109551,51864,57687,1884,0,2789,62,4790,5848,20944,16569,5.3,7.8,9.5,1.3,0,0,82.8,0,21746,0,1346,89.4,0,70,46871,1544728864000,589,199,0,160,4766,0.5,0,0,0,271,0=1961;5=638;10=644;20=238;30=193;60=36;90=11,5061,1=4211;2=1017;4=256;6=74;8=17;10=9;12=12,31153,0,0,829,5915,91.0,0,477921,298706,92853,0,1.0,0,1257,970,0,0,0,0,0,0,0,0,0,0,0,4558,0,0,0,0,OK,3.0,0,455,0,11,0,3.0,0,129,0,0,0,80353,60091,0.7,0.0571981696585709,3739,0,8366,0,306365,0,0,16647,100.0,5,679
jmeter,5.3-SNAPSHOT,2019-11-25T19:37:57+0100,2020-02-26T22:11:56+0100,86,207,6,0.0263,18538,9149,9389,341,0,150,75,1311,2911,15380,32523,22.1,0,17.8,0,0,0,45.0,0,18907,0,0,56.6,0,719,20061,1582749576000,0,315,0,163,5569,2.8,0,0,0,0,0,1129,0,11000,0,0,314,2987,60.0,0,202068,114577,62972,0,1.0,0,1196,608,0,0,0,0,0,0,0,0,0,0,0,2987,0,0,0,0,ERROR,5.0,0,1217,0,0,79,5.0,0,15,0,1.0,11,51386,72307,2.1,1.0655737704918,10408,0,25161,0,169308,0,0,3017,100.0,1,0
jmeter,5.2.1-SNAPSHOT,2019-11-08T08:01:14+0100,2019-11-25T19:37:57+0100,31,121,5,0.0642,1535,934,601,156,0,149,75,1311,2884,15384,32512,22.1,0,17.8,0,0,0,44.9,0,18915,0,0,56.6,0,714,20059,1573754663000,0,321,0,165,5646,2.8,0,0,0,0,0,1129,0,10996,0,0,311,2959,60.0,0,203155,114552,62968,0,1.0,0,1180,605,0,0,0,0,0,0,0,0,0,0,0,2959,0,0,0,0,ERROR,5.0,0,1217,0,0,64,1.0,0,0,0,1.0,11,51386,72174,2.1,1.36498516320475,10421,0,25156,0,147258,0,0,2953,100.0,0,0
jmeter,5.2-SNAPSHOT,2019-10-05T18:28:21+0200,2019-11-08T08:01:14+0100,90,90,8,0.0397,4131,2338,1793,225,0,149,75,1311,2872,15382,32510,22.1,0,17.8,0,0,0,44.9,0,18911,0,0,56.5,0,714,20056,1572783987000,0,317,0,164,5592,2.8,0,0,0,0,0,1129,0,10994,0,0,311,2947,60.0,0,203137,114542,63030,0,1.0,0,1174,599,0,0,0,0,0,0,0,0,0,0,0,2947,0,0,0,0,ERROR,5.0,0,1217,0,0,64,1.0,0,0,0,1.0,11,51379,72030,2.1,1.53508771929825,10416,0,25213,0,147857,0,0,2953,100.0,0,0
jacoco,0.8.6-SNAPSHOT,2019-10-11T20:07:02+0200,2020-02-28T02:31:30+0100,15,485,3,0.1264,3146,2306,840,341,0,8,0,294,121,1416,4982,23.6,0,9.6,0,0,0,93.3,0,2125,0,6,94.3,0,39,2474,1582200440000,0,20,0,14,397,1.3,0,0,0,36,0,272,0,1466,0,0,4,121,94.6,0,30929,16133,6333,0,1.0,0,32,38,0,0,0,0,0,0,0,0,0,0,0,115,0,0,0,0,OK,1.0,0,0,0,0,25,1.0,0,0,0,1.0,0,5268,1292,0.3,0.350877192982456,143,0,341,0,0,0,0,0,0,0,42
jacoco,0.8.5-SNAPSHOT,2019-05-10T03:06:02+0200,2019-10-11T20:07:02+0200,67,470,5,0.0475,18526,10290,8236,665,0,8,0,289,189,1387,4975,23.8,0,9.6,0,0,0,93.2,0,2074,0,6,94.4,0,36,2439,1570816774000,0,20,0,14,397,1.3,0,0,0,0,0,269,0,1454,0,0,4,189,94.7,0,30655,15933,6228,0,1.0,0,89,52,0,0,0,0,0,0,0,0,0,0,0,183,0,0,0,0,OK,1.0,0,0,0,0,25,1.0,0,0,0,1.0,0,5181,1893,0.4,0.429711479435236,141,0,328,0,0,0,0,0,0,0,7
jacoco,0.8.4-SNAPSHOT,2019-01-23T02:06:20+0100,2019-05-10T03:06:02+0200,23,403,1,1.0,1145,826,319,66,0,8,0,289,188,1356,4946,23.9,0,9.5,0,0,0,93.3,0,2022,0,6,94.3,0,37,2420,1553268587000,0,20,0,14,421,1.4,0,0,0,0,0,269,0,1444,0,0,4,188,94.7,0,30132,15728,6172,0,1.0,0,86,53,0,0,0,0,0,0,0,0,0,0,0,182,0,0,0,0,ERROR,1.0,0,0,0,0,54,1.0,0,0,0,0,0,5111,1858,0.4,0.0,136,0,327,0,0,0,0,0,0,0,7
jacoco,0.8.3-SNAPSHOT,2018-08-21T18:03:44+0200,2019-01-23T02:06:20+0100,54,380,6,0.034,8451,6043,2408,447,0,8,0,288,193,1353,4919,23.9,8.4,9.5,1.6,0,0,93.3,0,2022,0,9,94.3,0,38,2418,1548198808000,45,20,0,14,417,1.4,0,0,0,0,0=90;5=69;10=62;20=18;30=13;60=2;90=0,268,1=868;2=324;4=75;6=25;8=12;10=3;12=6,1442,0,0,4,193,94.6,0,30022,15671,6163,0,1.0,0,86,57,0,0,0,0,0,0,0,0,0,0,0,184,0,0,0,0,OK,1.0,0,0,0,0,0,1.0,0,0,0,0,0,5103,1877,0.4,0.652979754776162,135,0,330,0,0,0,0,0,0,0,7
jacoco,0.8.2-SNAPSHOT,2017-09-15T02:30:28+0200,2018-08-21T18:03:44+0200,99,326,9,0.0139,17973,11998,5975,579,0,8,8,277,178,1266,4797,24.1,8.4,9.4,1.6,0,0,93.2,0,1896,0,6,94.6,0,36,2321,1534801005000,45,20,0,14,417,1.4,0,0,0,0,0=91;5=68;10=57;20=16;30=12;60=3;90=0,261,1=856;2=310;4=75;6=18;8=11;10=3;12=6,1406,0,0,4,186,95.0,0,29048,15105,5860,0,1.0,0,84,54,0,0,0,0,0,0,0,0,0,0,0,180,0,0,0,0,ERROR,5.0,0,75,0,0,0,1.0,0,0,0,0,0,4831,1767,0.4,0.462046204620462,129,0,291,0,0,0,0,0,0,0,4
jacoco,0.7.10-SNAPSHOT,2017-02-05T19:23:35+0100,2017-09-15T02:30:28+0200,50,227,5,0.0386,8302,7706,596,139,0,8,6,257,163,1076,4577,24.8,8.3,9.0,1.5,0,0,94.4,0,1620,0,4,94.5,0,32,2122,1505434921000,45,15,0,11,328,1.2,0,0,0,0,0=87;5=70;10=50;20=18;30=9;60=2;90=0,248,1=836;2=289;4=58;6=20;8=7;10=4;12=4,1339,0,0,4,171,94.5,0,27137,13851,5405,0,1.0,0,88,39,0,0,0,0,0,0,0,0,0,0,0,167,0,0,0,0,ERROR,5.0,0,30,0,0,0,2.0,0,30,0,0,0,4380,1618,0.4,0.631389055923031,91,0,298,0,0,0,0,0,0,2,4
jacoco,0.7.9-SNAPSHOT,2016-12-10T00:13:11+0100,2017-02-05T19:23:35+0100,15,177,3,0.1264,2302,1345,957,365,0,8,18,230,181,0,4386,27.2,8.5,9.2,1.5,0,0,88.4,0,1465,0,0,90.7,0,29,1962,1486318598000,41,7,0,5,162,0.7,0,0,0,0,0=80;5=62;10=44;20=18;30=7;60=3;90=0,224,1=791;2=276;4=47;6=18;8=5;10=5;12=4,1263,0,0,5,200,91.4,0,24214,11740,4897,0,1.0,0,67,91,0,0,0,0,0,0,0,0,0,0,0,200,0,0,0,0,ERROR,5.0,0,195,0,0,0,2.0,0,15,0,0,0,3951,1398,0.4,0.120772946859903,170,0,420,0,0,0,0,0,0,1,1
jacoco,0.7.8-SNAPSHOT,2016-06-06T16:34:16+0200,2016-12-10T00:13:11+0100,25,162,5,0.0614,2174,1508,666,159,0,2,12,230,207,0,4380,27.4,9.8,10.5,1.8,0,0,88.4,0,1463,0,0,90.7,0,45,2256,1480743720000,41,7,0,5,162,0.7,0,0,0,0,0=75;5=58;10=46;20=20;30=12;60=3;90=0,224,1=760;2=245;4=77;6=34;8=11;10=9;12=10,1263,0,0,5,220,91.5,0,24096,11634,4890,0,1.0,0,77,91,0,0,0,0,0,0,0,0,0,0,0,220,0,913,79.4,188,ERROR,5.0,0,165,0,0,0,2.0,0,15,0,0,0,3947,2021,0.6,0.403225806451613,170,0,418,0,0,0,0,0,0,1,1
jacoco,0.7.7-SNAPSHOT,2016-02-18T16:32:24+0100,2016-06-06T16:34:16+0200,33,137,2,0.4629,3868,2723,1145,132,0,2,14,228,315,0,4247,27.5,9.0,9.7,1.8,0,0,95.6,0,1347,0,0,94.6,0,18,2046,1464203156000,40,7,0,5,176,0.8,0,0,0,1,0=80;5=57;10=44;20=17;30=12;60=2;90=0,222,1=640;2=237;4=74;6=31;8=10;10=6;12=10,1125,0,0,5,332,94.3,0,23379,11207,4908,0,1.0,0,103,204,0,0,0,0,0,0,0,0,0,0,0,332,0,793,80.7,153,ERROR,5.0,0,150,0,0,0,4.0,0,40,0,0,0,3758,2755,0.8,1.1965811965812,59,0,278,0,0,0,0,0,0,3,1
jacoco,0.7.6-SNAPSHOT,2015-05-18T16:32:52+0200,2016-02-18T16:32:24+0100,43,104,4,0.0706,3958,2737,1221,351,0,9,0,458,0,0,5440,15.7,8.9,11.0,1.7,0,0,95.9,0,1299,0,0,94.8,0,296,4519,1455719308000,82,46,0,24,2117,4.3,0,0,0,0,0=152;5=104;10=90;20=35;30=22;60=2;90=2,436,1=2022;2=398;4=99;6=35;8=13;10=8;12=11,2826,0,0,32,1050,94.5,0,48929,29109,4613,0,1.0,0,374,339,0,0,0,0,0,0,0,0,0,0,0,1050,0,2329,36.8,1473,ERROR,0,0,0,0,0,0,0,0,0,0,0,0,11258,13206,1.5,0.0,53,0,253,0,11774,0,0,1115,100.0,0,0
jacoco,0.7.5-SNAPSHOT,2015-02-22T17:31:47+0100,2015-05-18T16:32:52+0200,16,61,3,0.1479,749,534,215,55,0,2,0,452,0,0,5468,16.0,0.0,10.1,1.7,0,0,95.7,0,1291,0,0,94.7,0,102,4318,0,82,55,0,24,2077,4.3,0,0,0,0,0=146;5=105;10=88;20=37;30=21;60=2;90=2,427,1=1990;2=395;4=99;6=35;8=13;10=8;12=11,2790,0,0,32,1735,94.4,0,48379,28791,4581,0,1.0,0,901,698,0,0,0,0,0,0,0,0,0,0,0,1735,0,2286,36.9,1443,ERROR,0,0,0,0,0,0,0,0,0,0,0,0,11142,17377,2.0,0,56,0,258,0,11863,0,0,1097,100.0,0,0
jacoco,0.7.4-SNAPSHOT,2015-02-15T17:33:15+0100,2015-02-22T17:31:47+0100,2,45,1,1.0,196,99,97,31,0,2,0,451,0,0,5450,16.1,0.0,10.1,1.7,0,0,96.1,0,1217,0,0,94.9,0,53,4301,0,82,52,0,24,1892,3.9,0,0,0,0,0=145;5=105;10=88;20=37;30=21;60=2;90=2,424,1=1986;2=394;4=96;6=35;8=13;10=8;12=11,2725,0,0,8,1594,94.6,0,47959,28487,4392,0,1.0,0,920,611,0,0,0,0,0,0,0,0,0,0,0,1594,0,2281,37.0,1438,ERROR,0,0,0,0,0,0,0,0,0,0,0,0,10925,20763,2.4,0,48,0,238,0,11211,0,0,1092,100.0,0,0
jacoco,0.7.3-SNAPSHOT,2014-09-07T18:48:54+0200,2015-02-15T17:33:15+0100,43,43,4,0.1075,2627,1731,896,363,0,2,0,451,0,0,5450,16.1,0.0,10.1,1.7,0,0,96.1,0,1217,0,0,94.9,0,53,4301,0,82,52,0,24,1892,3.9,0,0,0,0,0=145;5=105;10=88;20=37;30=21;60=2;90=2,424,1=1986;2=394;4=96;6=35;8=13;10=8;12=11,2725,0,0,8,1597,94.6,0,47959,28487,4392,0,1.0,0,923,611,0,0,0,0,0,0,0,0,0,0,0,1597,0,2403,38.4,1481,ERROR,0,0,0,0,0,0,0,0,0,0,0,0,10925,20898,2.4,0,48,0,238,0,39418,0,0,1092,100.0,0,0
Ant-Media-Server,2.0.0-SNAPSHOT,2020-01-12T13:25:41+0100,2020-02-27T21:59:32+0100,39,2110,6,0.1119,2003,1346,657,11,0,18,26,230,828,4095,4811,17.2,0,19.7,0,0,0,36.8,0,4433,0,0,41.1,0,146,4058,1582837172493,0,12,0,7,291,0.7,0,0,0,0,0,207,0,2122,0,0,29,924,42.8,0,38848,23162,11684,0,1.0,0,414,317,0,0,0,0,0,0,0,0,0,0,0,924,0,0,0,0,OK,5.0,0,505,0,0,23,4.0,0,1155,0,1.0,0,9987,8781,1.3,0.0222593210907067,2802,0,6683,0,1115164,0,0,328,100.0,70,0
Ant-Media-Server,1.9.1-SNAPSHOT,2019-11-27T13:29:22+0100,2020-01-12T13:25:41+0100,126,2071,7,0.0376,7221,5000,2221,48,0,20,26,228,845,3973,4754,17.4,0,19.3,0,0,0,35.5,0,4301,0,0,39.9,0,147,3959,1578765126360,0,10,0,7,251,0.7,0,0,0,0,0,206,0,2082,0,0,29,941,41.6,0,37922,22550,11371,0,1.0,0,422,323,0,0,0,0,0,0,0,0,0,0,0,941,0,0,0,0,OK,5.0,0,505,0,0,7,4.0,0,1155,0,1.0,0,9694,8903,1.3,0.403645833333333,2774,0,6640,0,1130663,0,0,326,100.0,70,0
Ant-Media-Server,1.9.0-SNAPSHOT,2019-08-25T10:24:11+0200,2019-11-27T13:29:22+0100,195,1945,6,0.0222,30776,14426,16350,126,0,19,26,228,841,3956,4737,17.5,0,19.2,0,0,0,35.0,0,4267,0,0,39.4,0,147,3934,1574857762677,0,10,0,7,251,0.7,0,0,0,0,0,206,0,2069,0,0,28,922,41.1,0,37685,22379,11276,0,1.0,0,422,306,0,0,0,0,0,0,0,0,0,0,0,922,0,0,0,0,OK,5.0,0,505,0,0,7,4.0,0,705,0,1.0,0,9599,8891,1.3,0.62015503875969,2772,0,6642,0,1143768,0,0,319,100.0,55,0
Ant-Media-Server,1.8.0-SNAPSHOT,2019-05-15T08:43:55+0200,2019-08-25T10:24:11+0200,319,1750,10,0.0132,97827,58484,39343,122,0,16,26,228,825,3938,4676,17.3,0,19.0,0,0,0,35.0,0,4257,0,0,39.6,0,140,3894,1566390575889,0,14,0,9,325,0.9,0,0,0,0,0,206,0,2022,0,0,22,909,41.3,0,37427,22307,11255,0,1.0,0,434,297,0,0,0,0,0,0,0,0,0,0,0,909,0,0,0,0,OK,5.0,0,505,0,0,7,4.0,0,735,0,1.0,0,9594,8831,1.3,0.08302200083022,2765,0,6610,0,1205702,0,0,307,100.0,58,0
Ant-Media-Server,1.7.0-SNAPSHOT,2019-03-21T13:20:29+0100,2019-05-15T08:43:55+0200,140,1431,8,0.0667,19854,14776,5078,78,0,16,31,253,1058,4090,5119,18.4,0,18.0,0,0,0,28.3,0,4396,0,0,32.6,0,209,4021,1557899009764,0,10,0,7,251,0.5,0,0,0,0,0,225,0,2074,0,0,32,1156,34.2,0,38791,22733,11960,0,1.0,0,561,338,0,0,0,0,0,0,0,0,0,0,0,1156,0,0,0,0,OK,5.0,0,570,0,0,72,4.0,0,840,0,0,0,10190,10179,1.5,0.292164674634794,3154,0,7873,0,1088028,0,0,221,100.0,67,0
Ant-Media-Server,1.6.2-SNAPSHOT,2019-01-06T01:04:20+0100,2019-03-21T13:20:29+0100,182,1291,10,0.0216,69777,23912,45865,223,0,14,31,248,1056,4028,5093,18.7,15.8,17.8,1.9,0,0,26.9,0,4314,0,0,30.3,0,210,3919,1553170829192,77,12,0,8,294,0.6,0,0,0,0,0=89;5=32;10=39;20=21;30=24;60=6;90=9,221,1=1107;2=357;4=123;6=60;8=28;10=17;12=33,2014,0,0,32,1153,31.5,0,37955,22132,11664,0,1.0,0,565,332,0,0,0,0,0,0,0,0,0,0,0,1153,0,0,0,0,OK,5.0,0,570,0,0,0,2.0,0,770,0,0,0,9960,10237,1.5,0.0,3154,0,7988,0,1051484,0,0,201,100.0,66,0
Ant-Media-Server,1.6.1-SNAPSHOT,2018-12-17T07:27:05+0100,2019-01-06T01:04:20+0100,89,1109,7,0.0378,91662,14214,77448,345,0,6,31,238,1045,3958,4980,18.8,16.1,18.1,1.9,0,0,25.4,0,4222,0,0,28.8,0,210,3826,1546733060402,74,12,0,8,293,0.6,0,0,0,0,0=90;5=25;10=37;20=21;30=23;60=6;90=9,212,1=1072;2=349;4=121;6=57;8=28;10=18;12=32,1967,0,0,32,1144,30.1,0,37026,21577,11428,0,1.0,0,564,332,0,0,0,0,0,0,0,0,0,0,0,1144,0,0,0,0,OK,5.0,0,570,0,0,0,2.0,0,790,0,0,0,9765,10359,1.6,0.0,3148,0,7989,0,1134916,0,0,169,100.0,68,0
Ant-Media-Server,1.6.0,2018-12-16T15:07:00+0100,2018-12-17T07:27:05+0100,4,1020,4,0.25,262,63,199,3,0,6,31,237,1045,3923,4991,18.9,16.0,18.1,1.9,0,0,24.8,0,4190,0,0,28.4,0,210,3800,1544981529352,74,12,0,8,293,0.6,0,0,0,0,0=90;5=25;10=36;20=21;30=23;60=6;90=9,211,1=1068;2=346;4=119;6=55;8=30;10=17;12=32,1957,0,0,32,1144,29.7,0,36900,21449,11360,0,1.0,0,564,332,0,0,0,0,0,0,0,0,0,0,0,1144,0,0,0,0,OK,5.0,0,570,0,0,0,2.0,0,790,0,0,0,9704,10352,1.6,0.0,3151,0,7988,0,1020234,0,0,161,100.0,68,0
Ant-Media-Server,1.6.0-SNAPSHOT,2018-11-19T08:17:12+0100,2018-12-16T15:07:00+0100,108,1016,6,0.1103,315746,15776,299970,492,0,6,31,237,1045,3923,4991,18.9,16.0,18.1,1.9,0,0,24.7,0,4190,0,0,28.3,0,210,3800,1544969220273,74,12,0,8,293,0.6,0,0,0,0,0=90;5=25;10=36;20=21;30=23;60=6;90=9,211,1=1068;2=346;4=119;6=55;8=30;10=17;12=32,1957,0,0,32,1144,29.6,0,36900,21449,11360,0,1.0,0,564,332,0,0,0,0,0,0,0,0,0,0,0,1144,0,0,0,0,OK,5.0,0,570,0,0,0,2.0,0,790,0,0,0,9704,10352,1.6,0.0,3157,0,7998,0,1092946,0,0,161,100.0,68,0
Ant-Media-Server,1.5.2,2018-11-13T08:28:12+0100,2018-11-19T08:17:12+0100,20,908,4,0.1817,10308,1529,8779,113,0,6,31,293,1158,3989,5270,18.9,13.9,17.4,1.7,0,0,23.2,0,4296,0,0,26.9,0,284,4062,1542235393887,75,14,0,8,319,0.8,0,0,0,0,0=98;5=33;10=41;20=21;30=25;60=7;90=9,235,1=1242;2=383;4=125;6=52;8=32;10=17;12=32,2321,0,0,37,1365,28.2,0,39165,22678,11977,0,1.0,0,605,433,0,0,0,0,0,0,0,0,0,0,0,1365,0,0,0,0,ERROR,5.0,0,570,0,0,0,2.0,0,1160,0,0,0,10130,10970,1.6,0.0,3299,0,8600,0,997223,0,0,154,100.0,105,0
Ant-Media-Server,1.5.2-SNAPSHOT,2018-10-15T08:59:04+0200,2018-11-13T08:28:12+0100,80,888,6,0.107,723891,280387,443504,358,0,6,31,293,1158,3989,5270,18.9,13.9,17.4,1.7,0,0,23.3,0,4296,0,0,26.9,0,284,4062,1542091595239,75,14,0,8,319,0.8,0,0,0,0,0=98;5=33;10=41;20=21;30=25;60=7;90=9,235,1=1242;2=383;4=125;6=52;8=32;10=17;12=32,2321,0,0,37,1365,28.2,0,39165,22678,11977,0,1.0,0,605,433,0,0,0,0,0,0,0,0,0,0,0,1365,0,0,0,0,OK,5.0,0,570,0,0,0,2.0,0,1160,0,0,0,10130,10970,1.6,0.0,3297,0,8599,0,977785,0,0,154,100.0,105,0
Ant-Media-Server,1.5.1.1,2018-10-09T21:07:09+0200,2018-10-15T08:59:04+0200,20,808,4,0.192,458,239,219,26,0,6,24,296,1150,3982,5269,18.8,13.7,17.1,1.7,0,0,22.9,0,4290,0,0,26.5,0,215,4063,1539275023955,75,14,0,8,319,0.8,0,0,0,0,0=101;5=33;10=42;20=20;30=25;60=7;90=9,238,1=1246;2=384;4=126;6=52;8=31;10=17;12=32,2326,0,0,37,1281,27.8,0,39244,22749,11986,0,1.0,0,600,423,0,0,0,0,0,0,0,0,0,0,0,1281,0,0,0,0,ERROR,5.0,0,435,0,0,0,2.0,0,1160,0,0,0,10131,10906,1.6,0.0,3308,0,8653,0,971077,0,0,151,100.0,105,0
Ant-Media-Server,1.5.1,2018-09-22T20:16:54+0200,2018-10-09T21:07:09+0200,67,788,6,0.066,50248,13244,37004,416,0,6,24,296,1150,3982,5269,18.8,13.7,17.1,1.7,0,0,22.9,0,4290,0,0,26.5,0,215,4063,1539112029698,75,14,0,8,319,0.8,0,0,0,0,0=101;5=33;10=42;20=20;30=25;60=7;90=9,238,1=1246;2=384;4=126;6=52;8=31;10=17;12=32,2326,0,0,37,1281,27.8,0,39244,22749,11986,0,1.0,0,600,423,0,0,0,0,0,0,0,0,0,0,0,1281,0,0,0,0,ERROR,5.0,0,435,0,0,0,2.0,0,1160,0,0,0,10131,10906,1.6,0.0,3309,0,8653,0,977189,0,0,151,100.0,105,0
Ant-Media-Server,1.5.0,2018-09-14T17:03:46+0200,2018-09-22T20:16:54+0200,27,721,5,0.0548,2575,2179,396,60,0,6,24,292,1152,3953,5256,19.0,13.7,17.2,1.7,0,0,22.6,0,4248,0,0,26.3,0,215,3998,1536945173157,74,14,0,8,318,0.8,0,0,0,0,0=99;5=34;10=40;20=19;30=25;60=8;90=8,234,1=1213;2=374;4=125;6=51;8=31;10=17;12=32,2281,0,0,37,1283,27.7,0,38847,22445,11864,0,1.0,0,602,423,0,0,0,0,0,0,0,0,0,0,0,1283,0,0,0,0,OK,5.0,0,435,0,0,0,2.0,0,1160,0,0,0,10037,10922,1.6,0.0,3287,0,8582,0,900292,0,0,147,100.0,105,0
Ant-Media-Server,1.5.0-SNAPSHOT,2018-08-13T16:11:22+0200,2018-09-14T17:03:46+0200,81,694,8,0.028,23732,18246,5486,121,0,6,24,292,1152,3953,5256,19.0,13.7,17.2,1.7,0,0,22.6,0,4248,0,0,26.3,0,215,3998,1536937426332,74,14,0,8,318,0.8,0,0,0,0,0=99;5=34;10=40;20=19;30=25;60=8;90=8,234,1=1213;2=374;4=125;6=51;8=31;10=17;12=32,2281,0,0,37,1283,27.7,0,38847,22445,11864,0,1.0,0,602,423,0,0,0,0,0,0,0,0,0,0,0,1283,0,0,0,0,OK,5.0,0,435,0,0,0,2.0,0,1160,0,0,0,10037,10922,1.6,0.0,3287,0,8583,0,932670,0,0,147,100.0,105,0
Ant-Media-Server,1.4.1,2018-08-05T17:03:05+0200,2018-08-13T16:11:22+0200,5,613,3,0.3,54,35,19,10,0,6,24,286,1241,3888,5159,19.2,13.5,17.0,1.7,0,0,20.2,0,4144,0,0,23.5,0,220,3874,1534169482882,73,14,0,8,327,0.9,0,0,0,0,0=97;5=33;10=38;20=19;30=25;60=8;90=8,229,1=1168;2=351;4=124;6=47;8=28;10=17;12=33,2202,0,0,37,1384,24.7,0,37660,21715,11490,0,1.0,0,667,454,0,0,0,0,0,0,0,0,0,0,0,1384,0,0,0,0,OK,5.0,0,435,0,0,0,2.0,0,1300,0,0,0,9728,11486,1.8,0.0,3307,0,8647,0,807936,0,0,135,100.0,119,0
Ant-Media-Server,1.4.0,2018-06-25T17:14:21+0200,2018-08-05T17:03:05+0200,111,608,5,0.031,33384,21381,12003,157,0,6,24,286,1241,3888,5159,19.2,13.5,17.0,1.7,0,0,20.1,0,4144,0,0,23.5,0,220,3874,1533481385196,73,14,0,8,327,0.9,0,0,0,0,0=97;5=33;10=38;20=19;30=25;60=8;90=8,229,1=1168;2=351;4=124;6=47;8=28;10=17;12=33,2202,0,0,37,1384,24.7,0,37662,21717,11492,0,1.0,0,667,454,0,0,0,0,0,0,0,0,0,0,0,1384,0,0,0,0,OK,5.0,0,435,0,0,0,2.0,0,1300,0,0,0,9730,11486,1.8,0.0,3310,0,8654,0,830915,0,0,135,100.0,119,0
Ant-Media-Server,1.3.6.2,2018-06-18T17:38:52+0200,2018-06-25T17:14:21+0200,14,497,5,0.151,1083,497,586,46,0,6,24,284,1443,3870,5138,19.2,13.6,17.2,1.7,0,0,17.6,0,4100,0,0,21.0,0,232,3862,1529933801496,72,18,0,10,428,1.1,0,0,0,0,0=94;5=33;10=37;20=20;30=24;60=9;90=8,226,1=1169;2=351;4=120;6=49;8=28;10=17;12=32,2185,0,0,62,1649,22.2,0,37524,21662,11508,0,1.0,0,790,559,0,0,0,0,0,0,0,0,0,0,0,1649,0,0,0,0,OK,5.0,0,435,0,0,0,2.0,0,2085,0,0,0,9717,12588,1.9,0.0,3380,0,8955,0,723741,0,0,117,100.0,182,0
Ant-Media-Server,1.3.6.1,2018-06-16T21:58:18+0200,2018-06-18T17:38:52+0200,8,483,3,0.2369,279216,2645,276571,81,0,6,24,285,1443,3871,5138,19.2,13.6,17.2,1.7,0,0,17.6,0,4102,0,0,21.0,0,232,3864,1529336332856,72,18,0,10,428,1.1,0,0,0,0,0=94;5=33;10=37;20=20;30=24;60=9;90=8,226,1=1169;2=352;4=120;6=49;8=28;10=17;12=32,2186,0,0,62,1649,22.3,0,37539,21672,11514,0,1.0,0,790,559,0,0,0,0,0,0,0,0,0,0,0,1649,0,0,0,0,ERROR,5.0,0,435,0,0,0,2.0,0,2085,0,0,0,9721,12588,1.9,0.0,3380,0,8950,0,736615,0,0,117,100.0,182,0
Ant-Media-Server,1.3.6.1-SNAPSHOT,2018-06-01T10:12:09+0200,2018-06-16T21:58:18+0200,164,475,7,0.017,2224315,1390379,833936,142,0,6,24,285,1443,3865,5134,19.2,13.5,17.1,1.7,0,0,17.6,0,4094,0,0,21.0,0,232,3856,1529179098002,72,18,0,10,428,1.1,0,0,0,0,0=94;5=33;10=37;20=20;30=24;60=9;90=8,226,1=1167;2=350;4=120;6=49;8=28;10=17;12=32,2182,0,0,62,1649,22.3,0,37455,21608,11493,0,1.0,0,790,559,0,0,0,0,0,0,0,0,0,0,0,1649,0,0,0,0,OK,5.0,0,435,0,0,0,2.0,0,2085,0,0,0,9702,12588,1.9,0.0,3375,0,8935,0,726688,0,0,117,100.0,182,0
Ant-Media-Server,1.3.5.1,2018-05-24T16:18:37+0200,2018-06-01T10:12:09+0200,46,311,6,0.0637,3206,2080,1126,64,0,6,26,279,1606,3793,5137,19.6,13.3,16.8,1.7,0,0,14.7,0,3962,0,0,17.7,0,266,3715,1527247938421,69,22,0,10,506,1.4,0,0,0,0,0=93;5=33;10=35;20=21;30=24;60=7;90=8,222,1=1114;2=334;4=118;6=45;8=29;10=17;12=30,2103,0,0,63,1862,18.7,0,36688,21009,11132,0,1.0,0,868,659,0,0,0,0,0,0,0,0,0,0,0,1862,0,0,0,0,ERROR,5.0,0,460,0,0,0,2.0,0,2565,0,0,0,9430,13685,2.2,3.11827956989247,3379,0,9047,0,701943,0,0,102,100.0,230,0
Ant-Media-Server,1.3.9-SNAPSHOT,2018-05-03T10:45:49+0200,2018-05-24T16:18:37+0200,104,265,4,0.037,13817,8695,5122,83,0,6,26,279,1606,3793,5137,19.6,13.3,16.8,1.7,0,0,14.7,0,3962,0,0,17.6,0,266,3715,1527171517366,69,22,0,10,506,1.4,0,0,0,0,0=93;5=33;10=35;20=21;30=24;60=7;90=8,222,1=1114;2=334;4=118;6=45;8=29;10=17;12=30,2103,0,0,63,1862,18.7,0,36688,21009,11132,0,1.0,0,868,659,0,0,0,0,0,0,0,0,0,0,0,1862,0,0,0,0,ERROR,5.0,0,460,0,0,0,2.0,0,2565,0,0,0,9430,13685,2.2,3.11485642946317,3380,0,9052,0,726621,0,0,102,100.0,230,0
Ant-Media-Server,1.3.4,2018-05-02T04:42:04+0200,2018-05-03T10:45:49+0200,11,161,2,0.4959,3112,1650,1462,65,0,6,24,278,1568,3718,5206,20.1,13.1,16.6,1.7,0,0,13.9,0,3896,0,0,16.9,0,266,3652,1525337149996,69,22,0,10,571,1.6,0,0,0,0,0=92;5=33;10=35;20=21;30=24;60=8;90=7,221,1=1099;2=325;4=113;6=46;8=29;10=17;12=30,2075,0,0,64,1813,18.0,0,36488,20688,10963,0,1.0,0,847,630,0,0,0,0,0,0,0,0,0,0,0,1813,0,0,0,0,ERROR,5.0,0,435,0,0,0,2.0,0,2475,0,0,0,9289,13193,2.1,1.30454340980657,3353,0,8990,0,682407,0,0,91,100.0,221,0
Ant-Media-Server,1.3.3,2018-04-21T12:51:04+0200,2018-05-02T04:42:04+0200,60,150,4,0.0425,1383382,829113,554269,119,0,6,24,278,1568,3718,5206,20.1,13.1,16.6,1.7,0,0,13.9,0,3896,0,0,16.9,0,266,3652,1525100597665,69,22,0,10,571,1.6,0,0,0,0,0=92;5=33;10=35;20=21;30=24;60=8;90=7,221,1=1099;2=325;4=113;6=46;8=29;10=17;12=30,2075,0,0,64,1813,18.0,0,36488,20688,10963,0,1.0,0,847,630,0,0,0,0,0,0,0,0,0,0,0,1813,0,0,0,0,ERROR,5.0,0,435,0,0,0,2.0,0,2475,0,0,0,9289,13193,2.1,1.30454340980657,3353,0,8990,0,689582,0,0,91,100.0,221,0
Ant-Media-Server,1.3.3-SNAPSHOT,2018-04-16T13:28:35+0200,2018-04-21T12:51:04+0200,18,90,3,0.2108,1108,803,305,19,0,7,39,278,1539,3638,5195,20.3,12.9,16.4,1.7,0,0,11.6,0,3816,0,0,14.5,0,269,3599,1524307864126,69,22,0,8,598,1.7,0,0,0,0,0=92;5=33;10=35;20=21;30=25;60=7;90=7,221,1=1090;2=328;4=112;6=49;8=27;10=14;12=29,2065,0,0,64,1789,15.5,0,36068,20406,10769,0,1.0,0,844,605,0,0,0,0,0,0,0,0,0,0,0,1789,0,0,0,0,ERROR,5.0,0,660,0,0,0,2.0,0,2380,0,0,0,9118,12731,2.1,1.93236714975845,3372,0,9104,0,589819,0,0,88,100.0,211,0
Ant-Media-Server,1.3.2,2018-04-12T09:33:50+0200,2018-04-16T13:28:35+0200,14,72,4,0.122,610,348,262,26,0,7,40,278,1559,3638,5196,20.3,12.9,16.4,1.7,0,0,11.9,0,3816,0,0,14.7,0,275,3599,1523878115167,69,22,0,8,598,1.7,0,0,0,0,0=92;5=33;10=35;20=21;30=25;60=7;90=7,221,1=1090;2=328;4=112;6=49;8=27;10=14;12=29,2065,0,0,64,1809,15.7,0,36067,20405,10769,0,1.0,0,854,609,0,0,0,0,0,0,0,0,0,0,0,1809,0,0,0,0,ERROR,5.0,0,665,0,0,0,2.0,0,2370,0,0,0,9118,12936,2.1,1.98565912851627,3361,0,9073,0,617540,0,0,87,100.0,210,0
Ant-Media-Server,1.3.1,2018-04-04T18:40:27+0200,2018-04-12T09:33:50+0200,45,58,3,0.0611,9432,5967,3465,85,0,7,40,278,1559,3638,5196,20.3,12.9,16.4,1.7,0,0,11.5,0,3816,0,0,14.3,0,275,3599,1523518430925,69,22,0,8,598,1.7,0,0,0,0,0=92;5=33;10=35;20=21;30=25;60=7;90=7,221,1=1090;2=328;4=112;6=49;8=27;10=14;12=29,2065,0,0,64,1809,15.3,0,36066,20404,10769,0,1.0,0,854,609,0,0,0,0,0,0,0,0,0,0,0,1809,0,0,0,0,ERROR,5.0,0,665,0,0,0,2.0,0,2370,0,0,0,9118,12936,2.1,1.98950985711702,3378,0,9118,0,593746,0,0,87,100.0,210,0
Ant-Media-Server,1.3.0,2018-04-02T22:18:44+0200,2018-04-04T18:40:27+0200,13,13,3,0.1679,35354,1379,33975,302,0,7,40,278,1561,3649,5190,20.2,13.0,16.4,1.7,0,0,11.7,0,3828,0,0,14.4,0,276,3607,1522747026253,69,22,0,8,598,1.7,0,0,0,0,0=92;5=33;10=36;20=21;30=23;60=8;90=7,221,1=1087;2=330;4=114;6=49;8=27;10=14;12=29,2066,0,0,64,1813,15.4,0,36117,20454,10797,0,1.0,0,856,610,0,0,0,0,0,0,0,0,0,0,0,1813,0,0,0,0,ERROR,5.0,0,665,0,0,0,2.0,0,2390,0,0,0,9148,12943,2.1,1.97002141327623,3382,0,9131,0,620024,0,0,86,100.0,212,0
sling-org-apache-sling-scripting-jsp,2.4.3-SNAPSHOT,2019-12-17T16:33:53+0100,2020-02-25T18:04:22+0100,0,18,0,0,0,0,0,0,0,9,45,226,1540,6312,6862,20.2,0,47.8,0,0,0,0,0,0,0,0,0.0,0,393,5781,1582649903000,0,258,0,22,2404,5.4,0,0,0,0,0,122,0,2189,0,0,17,1615,0.0,0,44193,27144,17478,0,1.0,0,725,471,0,0,0,0,0,0,0,0,0,0,0,1615,0,0,0,0,OK,5.0,0,545,0,0,1,5.0,0,400,0,1.0,0,14092,19176,2.4,3.7037037037037,0,0,17478,0,1974,0,0,32,100.0,30,0
sling-org-apache-sling-scripting-jsp,2.4.2,2019-12-17T14:57:39+0100,2019-12-17T16:33:53+0100,0,18,0,0,0,0,0,0,0,9,45,226,1541,6329,6870,20.2,0,47.9,0,0,0,0.1,0,7349,0,0,0.2,0,393,5796,1576594132000,0,258,0,22,2404,5.4,0,0,0,0,0,122,0,2193,0,0,17,1616,0.3,0,44273,27200,16461,0,1.0,0,725,472,0,0,0,0,0,0,0,0,0,0,0,1616,0,0,0,0,OK,5.0,0,545,0,0,1,5.0,0,400,0,1.0,0,14130,19211,2.4,1.22887864823349,7345,0,16407,0,1471,0,0,32,100.0,30,0
sling-org-apache-sling-scripting-jsp,2.4.1-SNAPSHOT,2019-12-02T15:01:49+0100,2019-12-17T14:57:39+0100,5,18,1,1.0,380,343,37,5,0,9,45,226,1541,6329,6870,20.2,0,47.9,0,0,0,0.1,0,7349,0,0,0.2,0,393,5796,1576589252000,0,258,0,22,2404,5.4,0,0,0,0,0,122,0,2193,0,0,17,1616,0.3,0,44273,27200,16461,0,1.0,0,725,472,0,0,0,0,0,0,0,0,0,0,0,1616,0,0,0,0,OK,5.0,0,545,0,0,1,5.0,0,400,0,1.0,0,14130,19211,2.4,1.22887864823349,7345,0,16407,0,2314,0,0,32,100.0,30,0
sling-org-apache-sling-scripting-jsp,2.3.9-SNAPSHOT,2019-12-02T14:57:25+0100,2019-12-02T15:01:49+0100,0,13,0,0,0,0,0,0,0,9,45,226,1525,6329,6870,20.2,0,48.3,0,0,0,0,0,0,0,0,0.0,0,393,5794,1575292718000,0,258,0,22,2404,5.4,0,0,0,0,0,121,0,2191,0,0,17,1600,0.0,0,44234,27186,17518,0,1.0,0,710,471,0,0,0,0,0,0,0,0,0,0,0,1600,0,0,0,0,ERROR,5.0,0,545,0,0,1,5.0,0,400,0,1.0,0,14128,19111,2.3,1.27504553734062,0,0,17518,0,0,0,0,0,0,30,0
sling-org-apache-sling-scripting-jsp,2.3.8,2019-12-02T14:22:16+0100,2019-12-02T14:57:25+0100,0,13,0,0,0,0,0,0,0,9,45,226,1525,6329,6870,20.2,0,48.3,0,0,0,0,0,0,0,0,0.0,0,393,5794,1575292509000,0,258,0,22,2404,5.4,0,0,0,0,0,121,0,2191,0,0,17,1600,0.0,0,44234,27186,17518,0,1.0,0,710,471,0,0,0,0,0,0,0,0,0,0,0,1600,0,0,0,0,ERROR,5.0,0,545,0,0,1,5.0,0,400,0,1.0,0,14128,19111,2.3,1.28205128205128,0,0,17518,0,0,0,0,0,0,30,0
sling-org-apache-sling-scripting-jsp,2.3.7-SNAPSHOT,2019-09-27T10:55:31+0200,2019-12-02T14:22:16+0100,11,13,2,0.4629,304,267,37,6,0,9,45,226,1525,6329,6870,20.2,0,48.3,0,0,0,0,0,0,0,0,0.0,0,393,5794,1575291011000,0,258,0,22,2404,5.4,0,0,0,0,0,121,0,2191,0,0,17,1600,0.0,0,44234,27186,17518,0,1.0,0,710,471,0,0,0,0,0,0,0,0,0,0,0,1600,0,0,0,0,ERROR,5.0,0,545,0,0,1,5.0,0,400,0,1.0,0,14128,19111,2.3,1.2962962962963,0,0,17518,0,0,0,0,0,0,30,0
sling-org-apache-sling-scripting-jsp,2.3.6,2019-09-26T11:14:57+0200,2019-09-27T10:55:31+0200,2,2,1,1.0,8,4,4,1,0,9,58,225,1519,6324,6861,20.3,0,48.4,0,0,0,0,0,0,0,0,0.0,0,393,5760,1569574066000,0,258,0,22,2404,5.5,0,0,0,0,0,120,0,2161,0,0,17,1607,0.0,0,44003,27020,17462,0,1.0,0,723,465,0,0,0,0,0,0,0,0,0,0,0,1607,0,0,0,0,ERROR,5.0,0,610,0,0,1,5.0,0,400,0,1.0,0,14084,19041,2.3,29.3939393939394,0,0,17462,0,0,0,0,0,0,30,0
jradio,1.26-SNAPSHOT,2020-02-19T08:37:49+0100,2020-02-28T08:48:39+0100,5,353,1,1.0,57,45,12,7,0,0,0,472,140,2174,2696,5.1,0,24.8,0,0,0,62.2,0,4897,0,0,72.6,0,25,11694,1582876119324,0,183,0,72,5460,8.4,0,0,0,9,0,473,0,10201,0,0,1,140,74.6,0,65102,50679,25516,0,1.0,0,94,20,0,0,0,0,0,0,0,0,0,0,0,139,0,0,0,0,OK,1.0,0,0,0,1,0,1.0,0,0,0,1.0,2,19637,3777,0.2,0.0623052959501558,1851,0,6471,0,16352,0,0,293,100.0,0,5
jradio,1.25-SNAPSHOT,2020-02-18T23:49:47+0100,2020-02-19T08:37:49+0100,3,348,1,1.0,23,18,5,3,0,0,1,467,141,2159,2686,5.1,0,24.9,0,0,0,62.1,0,4879,0,0,71.1,0,25,11621,1582097869417,0,183,0,72,5460,8.4,0,0,0,9,0,468,0,10137,0,0,1,142,72.8,0,64668,50353,25354,0,1.0,0,94,22,0,0,0,0,0,0,0,0,0,0,0,141,0,0,0,0,ERROR,2.0,0,5,0,1,0,1.0,0,0,0,1.0,2,19525,3779,0.3,0.087260034904014,1847,0,6892,0,15421,0,0,285,100.0,0,5
jradio,1.24-SNAPSHOT,2020-02-01T22:41:51+0100,2020-02-18T23:49:47+0100,16,345,1,1.0,1434,1109,325,38,0,0,1,467,141,2158,2686,5.1,0,24.9,0,0,0,62.1,0,4877,0,0,71.1,0,25,11620,1582066187417,0,183,0,72,5460,8.4,0,0,0,9,0,468,0,10137,0,0,1,142,72.8,0,64665,50350,25352,0,1.0,0,94,22,0,0,0,0,0,0,0,0,0,0,0,141,0,0,0,0,ERROR,2.0,0,5,0,1,0,1.0,0,0,0,1.0,2,19523,3779,0.3,0.0876040297853701,1847,0,6893,0,15915,0,0,284,100.0,0,5
jradio,1.23-SNAPSHOT,2020-01-28T22:07:44+0100,2020-02-01T22:41:51+0100,7,329,1,1.0,2972,2939,33,19,0,0,0,465,141,2108,2669,5.1,0,24.9,0,0,0,62.0,0,4803,0,0,70.7,0,25,11557,1580593311528,0,181,0,70,5428,8.4,0,0,0,9,0,466,0,10110,0,0,1,141,72.4,0,64364,50111,25204,0,1.0,0,92,23,0,0,0,0,0,0,0,0,0,0,0,140,0,0,0,0,ERROR,1.0,0,0,0,1,0,1.0,0,0,0,1.0,2,19404,3759,0.3,1.1644591611479,1827,0,6960,0,14645,0,0,275,100.0,0,5
jradio,1.22-SNAPSHOT,2020-01-25T14:03:05+0100,2020-01-28T22:07:44+0100,4,322,1,1.0,92,77,15,4,0,0,0,459,139,2082,2645,5.0,0,25.1,0,0,0,61.8,0,4775,0,0,70.7,0,25,11498,1580245664620,0,181,0,70,5428,8.5,0,0,0,9,0,460,0,10065,0,0,1,139,72.4,0,63980,49832,25069,0,1.0,0,92,21,0,0,0,0,0,0,0,0,0,0,0,138,0,0,0,0,ERROR,1.0,0,0,0,1,0,1.0,0,0,0,1.0,2,19306,3727,0.2,1.51248164464023,1822,0,6919,0,14807,0,0,272,100.0,0,5
jradio,1.21-SNAPSHOT,2020-01-04T08:18:16+0100,2020-01-25T14:03:05+0100,18,318,1,1.0,10660,9980,680,50,0,0,0,458,139,2080,2642,5.0,0,25.1,0,0,0,61.8,0,4773,0,0,70.7,0,25,11493,1579957385776,0,181,0,70,5428,8.5,0,0,0,9,0,459,0,10061,0,0,1,139,72.4,0,63939,49806,25058,0,1.0,0,92,21,0,0,0,0,0,0,0,0,0,0,0,138,0,0,0,0,ERROR,1.0,0,0,0,1,0,1.0,0,0,0,1.0,2,19298,3727,0.2,1.49927219796215,1822,0,6918,0,15828,0,0,271,100.0,0,5
jradio,1.20-SNAPSHOT,2019-12-15T13:33:43+0100,2020-01-04T08:18:16+0100,7,300,1,1.0,2681,1504,1177,22,0,0,0,450,148,2060,2641,5.1,0,25.3,0,0,0,60.6,0,4755,0,0,69.0,0,25,11376,1578122296772,0,175,0,72,5213,8.2,0,0,0,9,0,451,0,9950,0,0,7,148,70.6,0,63380,49405,24953,0,1.0,0,106,10,0,0,0,0,0,0,0,0,0,0,0,147,0,0,0,0,ERROR,1.0,0,0,0,1,0,1.0,0,0,0,1.0,2,19265,3545,0.2,0.297999148573861,1873,0,7343,0,13405,0,0,266,100.0,0,5
jradio,1.19-SNAPSHOT,2019-12-13T09:17:00+0100,2019-12-15T13:33:43+0100,6,293,1,1.0,2037,1091,946,12,0,0,0,449,150,2062,2635,5.1,0,25.3,0,0,0,60.7,0,4759,0,0,69.0,0,25,11364,1576413223998,0,175,0,72,5213,8.2,0,0,0,9,0,450,0,9936,0,0,7,150,70.6,0,63318,49366,24938,0,1.0,0,108,10,0,0,0,0,0,0,0,0,0,0,0,149,0,0,0,0,ERROR,1.0,0,0,0,1,0,1.0,0,0,0,1.0,2,19258,3602,0.2,0.47244094488189,1871,0,7337,0,15593,0,0,265,100.0,0,5
jradio,1.18-SNAPSHOT,2019-10-15T21:24:12+0200,2019-12-13T09:17:00+0100,28,287,1,1.0,947,583,364,41,0,0,0,446,150,2061,2629,5.1,0,25.4,0,0,0,60.7,0,4755,0,0,68.5,0,25,11329,1576225020332,0,172,0,71,5147,8.2,0,0,0,9,0,447,0,9903,0,0,7,150,70.0,0,63140,49241,24885,0,1.0,0,108,10,0,0,0,0,0,0,0,0,0,0,0,149,0,0,0,0,ERROR,1.0,0,0,0,1,0,1.0,0,0,0,1.0,2,19227,3567,0.2,2.77777777777778,1870,0,7458,0,15695,0,0,261,100.0,0,5
jradio,1.17-SNAPSHOT,2019-10-15T21:23:13+0200,2019-10-15T21:24:12+0200,0,259,0,0,0,0,0,0,0,2,0,446,313,2061,2622,5.1,0,25.4,0,0,0,60.6,0,4741,0,0,68.5,0,28,11320,1571167452694,0,172,0,71,5147,8.2,0,0,0,8,0,447,0,9897,0,0,7,313,70.0,0,63083,49199,24870,0,1.0,0,120,156,0,0,0,0,0,0,0,0,0,0,0,313,0,0,0,0,ERROR,1.0,0,0,0,0,0,1.0,0,0,0,1.0,2,19208,4133,0.3,0.0248447204968944,1869,0,7465,0,16020,0,0,253,100.0,0,5
jradio,1.16,2019-10-15T21:21:37+0200,2019-10-15T21:23:13+0200,0,259,0,0,0,0,0,0,0,2,0,446,313,2061,2622,5.1,0,25.4,0,0,0,60.6,0,4741,0,0,68.5,0,28,11320,1571167393399,0,172,0,71,5147,8.2,0,0,0,8,0,447,0,9897,0,0,7,313,70.0,0,63083,49199,24870,0,1.0,0,120,156,0,0,0,0,0,0,0,0,0,0,0,313,0,0,0,0,ERROR,1.0,0,0,0,0,0,1.0,0,0,0,1.0,2,19208,4133,0.3,0.0248447204968944,1869,0,7465,0,17924,0,0,253,100.0,0,5
jradio,1.16-SNAPSHOT,2019-03-30T09:24:31+0100,2019-10-15T21:21:37+0200,253,259,1,1.0,61734,37966,23768,402,0,2,0,446,313,2061,2622,5.1,0,25.4,0,0,0,60.6,0,4741,0,0,68.5,0,28,11320,1571167297743,0,172,0,71,5147,8.2,0,0,0,8,0,447,0,9897,0,0,7,313,70.0,0,63083,49199,24870,0,1.0,0,120,156,0,0,0,0,0,0,0,0,0,0,0,313,0,0,0,0,ERROR,1.0,0,0,0,0,0,1.0,0,0,0,1.0,2,19208,4133,0.3,0.0248508946322068,1869,0,7465,0,15659,0,0,253,100.0,0,5
jradio,1.15-SNAPSHOT,2019-03-03T19:44:30+0100,2019-03-30T09:24:31+0100,6,6,1,1.0,124,94,30,10,0,0,0,395,6123,1871,2446,5.2,26.2,26.2,1.1,0,0,58.2,0,4403,0,0,54.9,0,194,10343,1553934271163,0,166,0,64,5054,8.0,0,0,0,6,0=105;5=92;10=63;20=48;30=45;60=20;90=22,396,1=8743;2=202;4=50;6=21;8=20;10=12;12=21,9083,0,0,7,6123,54.3,0,57498,44944,22753,0,1.0,0,163,5759,0,0,0,0,0,0,0,0,0,0,0,6123,0,0,0,0,OK,1.0,0,0,0,0,0,1.0,0,0,0,0,2,17566,21350,1.6,0.113378684807256,1839,0,10398,0,8463,0,0,183,100.0,0,5
